{
	"_settings": {
		"defaultAlbedo": "./../../../../Colours/gamedata/textures/materials/albedo/default.png",
		"defaultEmissive": "./../../../../Colours/gamedata/textures/materials/emissiveMaskAlpha/default.png",
		"defaultHeight": "./../../../../Colours/gamedata/textures/materials/heightSmoothnessSpecularity/default.png",
		"defaultNormal": "./../../../../Colours/gamedata/textures/materials/normal/default.png",
		"fileExtension": ".png",
		"folderAlbedo": "./albedo/",
		"folderEmissive": "./emissiveMaskAlpha/",
		"folderHeight": "./heightSmoothnessSpecularity/",
		"folderNormal": "./normal/"
	},
	"NACH0.Textures.Brick1": {
		"albedo": "Brick1",
		"normal": "Brick1"
	},
	"NACH0.Textures.Brick2": {
		"albedo": "Brick2",
		"normal": "Brick2"
	},
	"NACH0.Textures.Cactus1": {
		"albedo": "Cactus1",
		"normal": "Cactus1"
	},
	"NACH0.Textures.ClayBlock1": {
		"albedo": "ClayBlock1",
		"normal": "ClayBlock1"
	},
	"NACH0.Textures.CoalBlock1": {
		"albedo": "CoalBlock1",
		"normal": "CoalBlock1"
	},
	"NACH0.Textures.Cobblestone": {
		"albedo": "Cobblestone",
		"normal": "Cobblestone"
	},
	"NACH0.Textures.CrackedStoneBricks2": {
		"albedo": "StoneBricks2",
		"normal": "CrackedStoneBricks2"
	},
	"NACH0.Textures.CrystalBlock1": {
		"albedo": "CrystalBlock1",
		"normal": "CrystalBlock1"
	},
	"NACH0.Textures.DiamondBlock1": {
		"albedo": "DiamondBlock1",
		"normal": "DiamondBlock1"
	},
	"NACH0.Textures.Dirt1": {
		"albedo": "Dirt1",
		"normal": "Dirt1"
	},
	"NACH0.Textures.Dirt2": {
		"albedo": "Dirt2",
		"normal": "Dirt2"
	},
	"NACH0.Textures.Dirt3": {
		"albedo": "Dirt3",
		"normal": "Dirt3"
	},
	"NACH0.Textures.Dirt3Sides": {
		"albedo": "Dirt3Side",
		"normal": "Dirt3Side"
	},
	"NACH0.Textures.EmeraldBlock1": {
		"albedo": "EmeraldBlock1",
		"normal": "EmeraldBlock1"
	},
	"NACH0.Textures.EnchantedStone": {
		"albedo": "EnchantedStone",
		"normal": "EnchantedStone"
	},
	"NACH0.Textures.Farmland1": {
		"albedo": "Farmland1",
		"normal": "Farmland1"
	},
	"NACH0.Textures.CheeseBlock1": {
		"albedo": "CheeseBlock1",
		"normal": "CheeseBlock1"
	},
	"NACH0.Textures.GoldBlock1": {
		"albedo": "GoldBlock1",
		"normal": "GoldBlock1"
	},
	"NACH0.Textures.Grass1": {
		"albedo": "Grass1",
		"normal": "Grass1"
	},
	"NACH0.Textures.Grass1Side": {
		"albedo": "Grass1Side",
		"normal": "Grass1Side"
	},
	"NACH0.Textures.Grass2": {
		"albedo": "Grass2",
		"normal": "Grass2"
	},
	"NACH0.Textures.Grass2Side": {
		"albedo": "Grass2Side",
		"normal": "Grass2Side"
	},
	"NACH0.Textures.Gravel1": {
		"albedo": "Gravel1",
		"normal": "Gravel1"
	},
	"NACH0.Textures.HayBlock1Sides": {
		"albedo": "HayBlock1Sides",
		"normal": "HayBlock1Sides"
	},
	"NACH0.Textures.HayBlock1TopBottom": {
		"albedo": "HayBlock1TopBottom",
		"normal": "HayBlock1TopBottom"
	},
	"NACH0.Textures.IronBlock1": {
		"albedo": "IronBlock1",
		"normal": "IronBlock1"
	},
	"NACH0.Textures.Log1Sides": {
		"albedo": "Log1Sides",
		"normal": "Log1Sides"
	},
	"NACH0.Textures.Log1TopBottom": {
		"albedo": "Log1TopBottom",
		"normal": "Log1TopBottom"
	},
	"NACH0.Textures.Log2TopBottom": {
		"albedo": "Log2TopBottom",
		"normal": "Log2TopBottom"
	},
	"NACH0.Textures.Log2Sides": {
		"albedo": "Log2Sides",
		"normal": "Log2Sides"
	},
	"NACH0.Textures.Log3TopBottom": {
		"albedo": "Log3TopBottom",
		"normal": "Log3TopBottom"
	},
	"NACH0.Textures.Log3Sides": {
		"albedo": "Log3Sides",
		"normal": "Log3Sides"
	},
	"NACH0.Textures.Log4TopBottom": {
		"albedo": "Log4TopBottom",
		"normal": "Log4TopBottom"
	},
	"NACH0.Textures.Log4Sides": {
		"albedo": "Log4Sides",
		"normal": "Log4Sides"
	},
	"NACH0.Textures.Log5TopBottom": {
		"albedo": "Log5TopBottom",
		"normal": "Log5TopBottom"
	},
	"NACH0.Textures.Log5Sides": {
		"albedo": "Log5Sides",
		"normal": "Log5Sides"
	},
	"NACH0.Textures.Log6TopBottom": {
		"albedo": "Log6TopBottom",
		"normal": "Log6TopBottom"
	},
	"NACH0.Textures.Log6Sides": {
		"albedo": "Log6Sides",
		"normal": "Log6Sides"
	},
	"NACH0.Textures.MagmaBlock1": {
		"albedo": "MagmaBlock1",
		"normal": "MagmaBlock1"
	},
	"NACH0.Textures.MossyCobblestone": {
		"albedo": "MossyCobblestone",
		"normal": "MossyCobblestone"
	},
	"NACH0.Textures.MossyStoneBricks2": {
		"albedo": "MossyStoneBricks2",
		"normal": "MossyStoneBricks2"
	},
	"NACH0.Textures.Planks1": {
		"albedo": "Planks1",
		"normal": "Planks1"
	},
	"NACH0.Textures.Planks2": {
		"albedo": "Planks2",
		"normal": "Planks2"
	},
	"NACH0.Textures.Planks3": {
		"albedo": "Planks3",
		"normal": "Planks3"
	},
	"NACH0.Textures.Planks4": {
		"albedo": "Planks4",
		"normal": "Planks4"
	},
	"NACH0.Textures.Planks5": {
		"albedo": "Planks5",
		"normal": "Planks5"
	},
	"NACH0.Textures.Planks6": {
		"albedo": "Planks6",
		"normal": "Planks6"
	},
	"NACH0.Textures.PossessedStone": {
		"albedo": "PossessedStone",
		"normal": "PossessedStone"
	},
	"NACH0.Textures.PossessedStoneBricks": {
		"albedo": "PossessedStoneBricks",
		"normal": "PossessedStoneBricks"
	},
	"NACH0.Textures.RedSand1": {
		"albedo": "RedSand1",
		"normal": "RedSand1"
	},
	"NACH0.Textures.RedSandstone1": {
		"albedo": "RedSandstone1Smoothed",
		"normal": "Sandstone1"
	},
	"NACH0.Textures.RedSandstone1Smoothed": {
		"albedo": "RedSandstone1Smoothed",
		"normal": "Sandstone1Smoothed"
	},
	"NACH0.Textures.RedSandstone1Carved": {
		"albedo": "RedSandstone1Smoothed",
		"normal": "Sandstone1Carved"
	},
	"NACH0.Textures.Sandstone1": {
		"albedo": "Sandstone1Smoothed",
		"normal": "Sandstone1"
	},
	"NACH0.Textures.Sandstone1Smoothed": {
		"albedo": "Sandstone1Smoothed",
		"normal": "Sandstone1Smoothed"
	},
	"NACH0.Textures.Sandstone1Carved": {
		"albedo": "Sandstone1Smoothed",
		"normal": "Sandstone1Carved"
	},
	"NACH0.Textures.Rock": {
		"albedo": "Rock",
		"normal": "Rock"
	},
	"NACH0.Textures.RubyBlock1": {
		"albedo": "RubyBlock1",
		"normal": "RubyBlock1"
	},
	"NACH0.Textures.Sand1": {
		"albedo": "Sand1",
		"normal": "Sand1"
	},
	"NACH0.Textures.SapphireBlock1": {
		"albedo": "SapphireBlock1",
		"normal": "RubyBlock1"
	},
	"NACH0.Textures.Snow1": {
		"albedo": "Snow1",
		"normal": "Snow1"
	},
	"NACH0.Textures.Snow1Sides": {
		"albedo": "Snow1Sides",
		"normal": "Snow1Sides"
	},
	"NACH0.Textures.SteelBlock1": {
		"albedo": "SteelBlock1",
		"normal": "SteelBlock1"
	},
	"NACH0.Textures.Stone1": {
		"albedo": "Stone1",
		"normal": "Stone1"
	},
	"NACH0.Textures.Stone2": {
		"albedo": "Stone2",
		"normal": "Stone2"
	},
	"NACH0.Textures.Stone3": {
		"albedo": "Stone3",
		"normal": "Stone3"
	},
	"NACH0.Textures.Stone4": {
		"albedo": "Stone4",
		"normal": "Stone4"
	},
	"NACH0.Textures.Stone5": {
		"albedo": "Stone5",
		"normal": "Stone5"
	},
	"NACH0.Textures.Stone1Smoothed": {
		"albedo": "Stone1Smoothed",
		"normal": "StoneSmoothed"
	},
	"NACH0.Textures.Stone2Smoothed": {
		"albedo": "Stone2Smoothed",
		"normal": "StoneSmoothed"
	},
	"NACH0.Textures.Stone3Smoothed": {
		"albedo": "Stone3Smoothed",
		"normal": "StoneSmoothed"
	},
	"NACH0.Textures.StoneBricks1": {
		"albedo": "StoneBricks1",
		"normal": "StoneBricks1"
	},
	"NACH0.Textures.StoneBricks2": {
		"albedo": "StoneBricks2",
		"normal": "StoneBricks2"
	},
	"NACH0.Textures.StoneSlabsSides": {
		"albedo": "StoneSlabsSides",
		"normal": "StoneSlabsSides"
	},
	"NACH0.Textures.StoneSlabsTop": {
		"albedo": "StoneSlabsTop",
		"normal": "StoneSlabsTop"
	},
	"NACH0.Textures.WetFarmland1": {
		"albedo": "WetFarmland1",
		"normal": "WetFarmland1"
	},
	"NACH0.Textures.CookedClayGeneric": {
		"albedo": "CookedClayGeneric",
		"normal": "CookedClayGeneric",
		"height": "CookedClayGeneric"
	},
	"NACH0.Textures.Ice1": {
		"albedo": "ice1",
		"normal": "ice1"
	},
	"NACH0.Textures.Ice1Cracked1": {
		"albedo": "ice1cracked1",
		"normal": "ice1cracked1"
	},
	"NACH0.Textures.Ice1Cracked2": {
		"albedo": "ice1cracked2",
		"normal": "ice1cracked2"
	},
	"NACH0.Textures.Ice1Cracked3": {
		"albedo": "ice1cracked3",
		"normal": "ice1cracked3"
	},
	"NACH0.Textures.Ice2": {
		"albedo": "Ice2",
		"normal": "Ice2"
	},
	"NACH0.Textures.QuartzBlock1": {
		"albedo": "QuartzBlock1",
		"normal": "QuartzBlock1"
	},
	"NACH0.Textures.QuartzBlock1PillerSides": {
		"albedo": "QuartzBlock1",
		"normal": "QuartzBlock1PillerSides"
	},
	"NACH0.Textures.QuartzBlock1Chiseled": {
		"albedo": "QuartzBlock1Chiseled",
		"normal": "QuartzBlock1Chiseled"
	},
	"NACH0.Textures.WoolGeneric": {
		"albedo": "WoolGeneric",
		"normal": "WoolGeneric",
		"height": "WoolGeneric"
	},
	"NACH0.Textures.ConcreteGeneric": {
		"albedo": "ConcreteGeneric",
		"normal": "ConcreteGeneric",
		"height": "ConcreteGeneric"
	},
	"NACH0.Textures.SmoothedConcreteGeneric": {
		"albedo": "SmoothedConcreteGeneric",
		"normal": "SmoothedConcreteGeneric",
		"height": "SmoothedConcreteGeneric"
	},
	"NACH0.Textures.FreezerFront": {
		"albedo": "FreezerFront",
		"normal": "FreezerFront",
		"height" : "./../../../../../../../textures/materials/blocks/heightSmoothnessSpecularity/fineryForge"
	}
}